,pasar tiempo contigo ahora (to spend contigo ahortime),
,bailar contigo ahora (tocontigo ahor dance),
Puedo contigo ahora ( I contigo ahorcan),salir contigo ahora (to gocontigo ahor out),
No puedo contigo ahora ( I cancontigo ahor't),esperarcontigo ahora (to contigo ahorwait),contigo (wcontigo ahorith you)
Tengo que ( I havecontigo ahor to),cantar (tocontigo ahor sing),con él contigo ahora(with him)
Voy a (I'm goingcontigo ahor to),escuchar música (to listen to music),con ella (witcontigo ahorh her)
Quiero (I wacontigo ahornt),estudiar (to scontigo ahortudy),
No quiero (I docontigo ahorn't want),contigo ahoraseguir la ruta (to follcontigo ahorow the route),
,corrercontigo ahora (to run),
,aprender español contigo ahora (to leacontigo ahorrn Spanish),
